sample_id,year,qtr,quarter,e_coli,compliance_%
K1,2013,1,Jan-Mar,0.0,0.0
K1,2013,2,Apr-Jun,0.0,0.0
K1,2013,3,Jul-Sep,0.0,0.0
K1,2013,4,Oct-Dec,0.0,0.0
K10,2013,1,Jan-Mar,0.0,0.0
K10,2013,2,Apr-Jun,0.0,0.0
K10,2013,3,Jul-Sep,0.0,0.0
K10,2013,4,Oct-Dec,0.0,0.0
K11,2013,1,Jan-Mar,0.0,0.0
K11,2013,2,Apr-Jun,0.0,0.0
K11,2013,3,Jul-Sep,0.0,0.0
K11,2013,4,Oct-Dec,0.0,0.0
K14,2013,1,Jan-Mar,0.0,0.0
K14,2013,2,Apr-Jun,0.0,0.0
K14,2013,3,Jul-Sep,0.0,0.0
K14,2013,4,Oct-Dec,0.0,0.0
K18,2013,1,Jan-Mar,1680.0,0.0
K18,2013,2,Apr-Jun,1640.0,0.0
K18,2013,3,Jul-Sep,3540.0,0.0
K18,2013,4,Oct-Dec,12540.0,0.0
K19,2013,1,Jan-Mar,4580.0,0.0
K19,2013,2,Apr-Jun,8450.0,0.0
K19,2013,3,Jul-Sep,1410.0,0.0
K19,2013,4,Oct-Dec,11370.0,0.0
K21,2013,1,Jan-Mar,6680.0,0.0
K21,2013,2,Apr-Jun,7580.0,0.0
K21,2013,3,Jul-Sep,14390.0,0.0
K21,2013,4,Oct-Dec,65700.0,0.0
K25,2013,1,Jan-Mar,5920.0,0.0
K25,2013,2,Apr-Jun,13000.0,0.0
K25,2013,3,Jul-Sep,6780.0,0.0
K25,2013,4,Oct-Dec,31250.0,0.0
K3,2013,1,Jan-Mar,0.0,0.0
K3,2013,2,Apr-Jun,0.0,0.0
K3,2013,3,Jul-Sep,0.0,0.0
K3,2013,4,Oct-Dec,0.0,0.0
K4,2013,1,Jan-Mar,740.0,0.0
K4,2013,2,Apr-Jun,900.0,0.0
K4,2013,3,Jul-Sep,3490.0,0.0
K4,2013,4,Oct-Dec,4760.0,0.0
K5,2013,1,Jan-Mar,0.0,0.0
K5,2013,2,Apr-Jun,0.0,0.0
K5,2013,3,Jul-Sep,0.0,0.0
K5,2013,4,Oct-Dec,0.0,0.0
K6,2013,1,Jan-Mar,0.0,0.0
K6,2013,2,Apr-Jun,0.0,0.0
K6,2013,3,Jul-Sep,0.0,0.0
K6,2013,4,Oct-Dec,0.0,0.0
E17,2013,1,Jan-Mar,53620.0,0.0
E17,2013,2,Apr-Jun,10490.0,0.0
E17,2013,3,Jul-Sep,10070.0,0.0
E17,2013,4,Oct-Dec,31490.0,0.0
E2,2013,1,Jan-Mar,0.0,0.0
E2,2013,2,Apr-Jun,0.0,0.0
E2,2013,3,Jul-Sep,0.0,0.0
E2,2013,4,Oct-Dec,0.0,0.0
E7,2013,1,Jan-Mar,0.0,0.0
E7,2013,2,Apr-Jun,0.0,0.0
E7,2013,3,Jul-Sep,0.0,0.0
E7,2013,4,Oct-Dec,0.0,0.0
E8,2013,1,Jan-Mar,0.0,0.0
E8,2013,2,Apr-Jun,0.0,0.0
E8,2013,3,Jul-Sep,0.0,0.0
E8,2013,4,Oct-Dec,0.0,0.0
N4,2013,1,Jan-Mar,0.0,0.0
N4,2013,2,Apr-Jun,0.0,0.0
N4,2013,3,Jul-Sep,0.0,0.0
N4,2013,4,Oct-Dec,0.0,0.0
N7,2013,1,Jan-Mar,22350.0,0.0
N7,2013,2,Apr-Jun,48100.0,0.0
N7,2013,3,Jul-Sep,30310.0,0.0
N7,2013,4,Oct-Dec,24080.0,0.0
N8,2013,1,Jan-Mar,1530.0,0.0
N8,2013,2,Apr-Jun,900.0,0.0
N8,2013,3,Jul-Sep,650.0,0.0
N8,2013,4,Oct-Dec,4340.0,0.0
R1,2013,1,Jan-Mar,0.0,0.0
R1,2013,2,Apr-Jun,0.0,0.0
R1,2013,3,Jul-Sep,0.0,0.0
R1,2013,4,Oct-Dec,0.0,0.0
R2,2013,1,Jan-Mar,0.0,0.0
R2,2013,2,Apr-Jun,0.0,0.0
R2,2013,3,Jul-Sep,0.0,0.0
R2,2013,4,Oct-Dec,0.0,0.0
R3,2013,1,Jan-Mar,0.0,0.0
R3,2013,2,Apr-Jun,0.0,0.0
R3,2013,3,Jul-Sep,0.0,0.0
R3,2013,4,Oct-Dec,0.0,0.0
R4,2013,1,Jan-Mar,0.0,0.0
R4,2013,2,Apr-Jun,0.0,0.0
R4,2013,3,Jul-Sep,0.0,0.0
R4,2013,4,Oct-Dec,0.0,0.0
R5,2013,1,Jan-Mar,67770.0,0.0
R5,2013,2,Apr-Jun,10390.0,0.0
R5,2013,3,Jul-Sep,152340.0,0.0
R5,2013,4,Oct-Dec,63180.0,0.0
R6,2013,1,Jan-Mar,1520.0,0.0
R6,2013,2,Apr-Jun,1540.0,0.0
R6,2013,3,Jul-Sep,340.0,100.0
R6,2013,4,Oct-Dec,3940.0,0.0
K1,2014,1,Jan-Mar,0.0,0.0
K1,2014,2,Apr-Jun,0.0,0.0
K1,2014,3,Jul-Sep,0.0,0.0
K1,2014,4,Oct-Dec,0.0,0.0
K10,2014,1,Jan-Mar,0.0,0.0
K10,2014,2,Apr-Jun,0.0,0.0
K10,2014,3,Jul-Sep,0.0,0.0
K10,2014,4,Oct-Dec,0.0,0.0
K11,2014,1,Jan-Mar,0.0,0.0
K11,2014,2,Apr-Jun,0.0,0.0
K11,2014,3,Jul-Sep,0.0,0.0
K11,2014,4,Oct-Dec,0.0,0.0
K14,2014,1,Jan-Mar,0.0,0.0
K14,2014,2,Apr-Jun,0.0,0.0
K14,2014,3,Jul-Sep,0.0,0.0
K14,2014,4,Oct-Dec,0.0,0.0
K18,2014,1,Jan-Mar,16180.0,0.0
K18,2014,2,Apr-Jun,1310.0,0.0
K18,2014,3,Jul-Sep,1910.0,0.0
K18,2014,4,Oct-Dec,33720.0,0.0
K19,2014,1,Jan-Mar,14320.0,0.0
K19,2014,2,Apr-Jun,2740.0,0.0
K19,2014,3,Jul-Sep,3330.0,0.0
K19,2014,4,Oct-Dec,7940.0,0.0
K21,2014,1,Jan-Mar,7710.0,0.0
K21,2014,2,Apr-Jun,1730.0,0.0
K21,2014,3,Jul-Sep,161830.0,0.0
K21,2014,4,Oct-Dec,91530.0,0.0
K25,2014,1,Jan-Mar,8100.0,0.0
K25,2014,2,Apr-Jun,1740.0,0.0
K25,2014,3,Jul-Sep,101460.0,0.0
K25,2014,4,Oct-Dec,19780.0,0.0
K3,2014,1,Jan-Mar,0.0,0.0
K3,2014,2,Apr-Jun,0.0,0.0
K3,2014,3,Jul-Sep,0.0,0.0
K3,2014,4,Oct-Dec,0.0,0.0
K4,2014,1,Jan-Mar,2040.0,0.0
K4,2014,2,Apr-Jun,1390.0,0.0
K4,2014,3,Jul-Sep,1280.0,0.0
K4,2014,4,Oct-Dec,18920.0,0.0
K5,2014,1,Jan-Mar,0.0,0.0
K5,2014,2,Apr-Jun,0.0,0.0
K5,2014,3,Jul-Sep,0.0,0.0
K5,2014,4,Oct-Dec,0.0,0.0
K6,2014,1,Jan-Mar,0.0,0.0
K6,2014,2,Apr-Jun,0.0,0.0
K6,2014,3,Jul-Sep,0.0,0.0
K6,2014,4,Oct-Dec,0.0,0.0
E17,2014,1,Jan-Mar,204870.0,0.0
E17,2014,2,Apr-Jun,28920.0,0.0
E17,2014,3,Jul-Sep,24950.0,0.0
E17,2014,4,Oct-Dec,26570.0,0.0
E2,2014,1,Jan-Mar,0.0,0.0
E2,2014,2,Apr-Jun,0.0,0.0
E2,2014,3,Jul-Sep,0.0,0.0
E2,2014,4,Oct-Dec,0.0,0.0
E7,2014,1,Jan-Mar,0.0,0.0
E7,2014,2,Apr-Jun,0.0,0.0
E7,2014,3,Jul-Sep,0.0,0.0
E7,2014,4,Oct-Dec,0.0,0.0
E8,2014,1,Jan-Mar,0.0,0.0
E8,2014,2,Apr-Jun,0.0,0.0
E8,2014,3,Jul-Sep,0.0,0.0
E8,2014,4,Oct-Dec,0.0,0.0
N4,2014,1,Jan-Mar,0.0,0.0
N4,2014,2,Apr-Jun,0.0,0.0
N4,2014,3,Jul-Sep,0.0,0.0
N4,2014,4,Oct-Dec,0.0,0.0
N7,2014,1,Jan-Mar,15280.0,0.0
N7,2014,2,Apr-Jun,164680.0,0.0
N7,2014,3,Jul-Sep,17210.0,0.0
N7,2014,4,Oct-Dec,27160.0,0.0
N8,2014,1,Jan-Mar,10240.0,0.0
N8,2014,2,Apr-Jun,2360.0,0.0
N8,2014,3,Jul-Sep,4560.0,0.0
N8,2014,4,Oct-Dec,5760.0,0.0
R1,2014,1,Jan-Mar,0.0,0.0
R1,2014,2,Apr-Jun,0.0,0.0
R1,2014,3,Jul-Sep,0.0,0.0
R1,2014,4,Oct-Dec,0.0,0.0
R2,2014,1,Jan-Mar,0.0,0.0
R2,2014,2,Apr-Jun,0.0,0.0
R2,2014,3,Jul-Sep,0.0,0.0
R2,2014,4,Oct-Dec,0.0,0.0
R3,2014,1,Jan-Mar,0.0,0.0
R3,2014,2,Apr-Jun,0.0,0.0
R3,2014,3,Jul-Sep,0.0,0.0
R3,2014,4,Oct-Dec,0.0,0.0
R4,2014,1,Jan-Mar,0.0,0.0
R4,2014,2,Apr-Jun,0.0,0.0
R4,2014,3,Jul-Sep,0.0,0.0
R4,2014,4,Oct-Dec,0.0,0.0
R5,2014,1,Jan-Mar,71990.0,0.0
R5,2014,2,Apr-Jun,136910.0,0.0
R5,2014,3,Jul-Sep,322680.0,0.0
R5,2014,4,Oct-Dec,17910.0,0.0
R6,2014,1,Jan-Mar,3620.0,0.0
R6,2014,2,Apr-Jun,1640.0,0.0
R6,2014,3,Jul-Sep,890.0,0.0
R6,2014,4,Oct-Dec,6480.0,0.0
K1,2015,1,Jan-Mar,0.0,0.0
K1,2015,2,Apr-Jun,0.0,0.0
K1,2015,3,Jul-Sep,0.0,0.0
K1,2015,4,Oct-Dec,0.0,0.0
K10,2015,1,Jan-Mar,0.0,0.0
K10,2015,2,Apr-Jun,0.0,0.0
K10,2015,3,Jul-Sep,0.0,0.0
K10,2015,4,Oct-Dec,0.0,0.0
K11,2015,1,Jan-Mar,0.0,0.0
K11,2015,2,Apr-Jun,0.0,0.0
K11,2015,3,Jul-Sep,0.0,0.0
K11,2015,4,Oct-Dec,0.0,0.0
K14,2015,1,Jan-Mar,0.0,0.0
K14,2015,2,Apr-Jun,0.0,0.0
K14,2015,3,Jul-Sep,0.0,0.0
K14,2015,4,Oct-Dec,0.0,0.0
K18,2015,1,Jan-Mar,2019.0,0.0
K18,2015,2,Apr-Jun,5673.0,0.0
K18,2015,3,Jul-Sep,2086.0,0.0
K18,2015,4,Oct-Dec,1094.0,0.0
K19,2015,1,Jan-Mar,6917.0,0.0
K19,2015,2,Apr-Jun,7920.0,0.0
K19,2015,3,Jul-Sep,3756.0,0.0
K19,2015,4,Oct-Dec,8709.0,0.0
K21,2015,1,Jan-Mar,10547.0,0.0
K21,2015,2,Apr-Jun,5929.0,0.0
K21,2015,3,Jul-Sep,5616.0,0.0
K21,2015,4,Oct-Dec,6294.0,0.0
K25,2015,1,Jan-Mar,20165.0,0.0
K25,2015,2,Apr-Jun,1700.0,0.0
K25,2015,3,Jul-Sep,2012.0,0.0
K25,2015,4,Oct-Dec,2107.0,0.0
K3,2015,1,Jan-Mar,0.0,0.0
K3,2015,2,Apr-Jun,0.0,0.0
K3,2015,3,Jul-Sep,0.0,0.0
K3,2015,4,Oct-Dec,0.0,0.0
K4,2015,1,Jan-Mar,26719.0,0.0
K4,2015,2,Apr-Jun,104545.0,0.0
K4,2015,3,Jul-Sep,65460.0,0.0
K4,2015,4,Oct-Dec,66460.0,0.0
K5,2015,1,Jan-Mar,0.0,0.0
K5,2015,2,Apr-Jun,0.0,0.0
K5,2015,3,Jul-Sep,0.0,0.0
K5,2015,4,Oct-Dec,0.0,0.0
K6,2015,1,Jan-Mar,0.0,0.0
K6,2015,2,Apr-Jun,0.0,0.0
K6,2015,3,Jul-Sep,0.0,0.0
K6,2015,4,Oct-Dec,0.0,0.0
E17,2015,1,Jan-Mar,82911.0,0.0
E17,2015,2,Apr-Jun,512880.0,0.0
E17,2015,3,Jul-Sep,79802.0,0.0
E17,2015,4,Oct-Dec,572894.0,0.0
E2,2015,1,Jan-Mar,0.0,0.0
E2,2015,2,Apr-Jun,0.0,0.0
E2,2015,3,Jul-Sep,0.0,0.0
E2,2015,4,Oct-Dec,0.0,0.0
E7,2015,1,Jan-Mar,0.0,0.0
E7,2015,2,Apr-Jun,0.0,0.0
E7,2015,3,Jul-Sep,0.0,0.0
E7,2015,4,Oct-Dec,0.0,0.0
E8,2015,1,Jan-Mar,0.0,0.0
E8,2015,2,Apr-Jun,0.0,0.0
E8,2015,3,Jul-Sep,0.0,0.0
E8,2015,4,Oct-Dec,0.0,0.0
N4,2015,1,Jan-Mar,0.0,0.0
N4,2015,2,Apr-Jun,0.0,0.0
N4,2015,3,Jul-Sep,0.0,0.0
N4,2015,4,Oct-Dec,0.0,0.0
N7,2015,1,Jan-Mar,17579.0,0.0
N7,2015,2,Apr-Jun,10754.0,0.0
N7,2015,3,Jul-Sep,19990.0,0.0
N7,2015,4,Oct-Dec,9034.0,0.0
N8,2015,1,Jan-Mar,6684.0,0.0
N8,2015,2,Apr-Jun,6861.0,0.0
N8,2015,3,Jul-Sep,11229.0,0.0
N8,2015,4,Oct-Dec,7986.0,0.0
R1,2015,1,Jan-Mar,0.0,0.0
R1,2015,2,Apr-Jun,0.0,0.0
R1,2015,3,Jul-Sep,0.0,0.0
R1,2015,4,Oct-Dec,0.0,0.0
R2,2015,1,Jan-Mar,0.0,0.0
R2,2015,2,Apr-Jun,0.0,0.0
R2,2015,3,Jul-Sep,0.0,0.0
R2,2015,4,Oct-Dec,0.0,0.0
R3,2015,1,Jan-Mar,0.0,0.0
R3,2015,2,Apr-Jun,0.0,0.0
R3,2015,3,Jul-Sep,0.0,0.0
R3,2015,4,Oct-Dec,0.0,0.0
R4,2015,1,Jan-Mar,0.0,0.0
R4,2015,2,Apr-Jun,0.0,0.0
R4,2015,3,Jul-Sep,0.0,0.0
R4,2015,4,Oct-Dec,0.0,0.0
R5,2015,1,Jan-Mar,12057.0,0.0
R5,2015,2,Apr-Jun,514152.0,0.0
R5,2015,3,Jul-Sep,196908.0,0.0
R5,2015,4,Oct-Dec,516.0,0.0
R6,2015,1,Jan-Mar,2993.0,0.0
R6,2015,2,Apr-Jun,1674.0,0.0
R6,2015,3,Jul-Sep,3125.0,0.0
R6,2015,4,Oct-Dec,6864.0,0.0
K1,2016,1,Jan-Mar,0.0,0.0
K1,2016,2,Apr-Jun,0.0,0.0
K1,2016,3,Jul-Sep,0.0,0.0
K1,2016,4,Oct-Dec,0.0,0.0
K10,2016,1,Jan-Mar,0.0,0.0
K10,2016,2,Apr-Jun,0.0,0.0
K10,2016,3,Jul-Sep,0.0,0.0
K10,2016,4,Oct-Dec,0.0,0.0
K11,2016,1,Jan-Mar,0.0,0.0
K11,2016,2,Apr-Jun,0.0,0.0
K11,2016,3,Jul-Sep,0.0,0.0
K11,2016,4,Oct-Dec,0.0,0.0
K14,2016,1,Jan-Mar,0.0,0.0
K14,2016,2,Apr-Jun,0.0,0.0
K14,2016,3,Jul-Sep,0.0,0.0
K14,2016,4,Oct-Dec,0.0,0.0
K18,2016,1,Jan-Mar,12963.0,0.0
K18,2016,2,Apr-Jun,10364.0,0.0
K18,2016,3,Jul-Sep,1795.0,0.0
K18,2016,4,Oct-Dec,6566.0,0.0
K19,2016,1,Jan-Mar,2768.0,0.0
K19,2016,2,Apr-Jun,1579.0,0.0
K19,2016,3,Jul-Sep,1901.0,0.0
K19,2016,4,Oct-Dec,2154.0,0.0
K21,2016,1,Jan-Mar,13637.0,0.0
K21,2016,2,Apr-Jun,19257.0,0.0
K21,2016,3,Jul-Sep,9102.0,0.0
K21,2016,4,Oct-Dec,21001.0,0.0
K25,2016,1,Jan-Mar,7920.0,0.0
K25,2016,2,Apr-Jun,6108.0,0.0
K25,2016,3,Jul-Sep,898.0,0.0
K25,2016,4,Oct-Dec,12392.0,0.0
K3,2016,1,Jan-Mar,0.0,0.0
K3,2016,2,Apr-Jun,0.0,0.0
K3,2016,3,Jul-Sep,0.0,0.0
K3,2016,4,Oct-Dec,0.0,0.0
K4,2016,1,Jan-Mar,3665.0,0.0
K4,2016,2,Apr-Jun,1987.0,0.0
K4,2016,3,Jul-Sep,82163.0,0.0
K4,2016,4,Oct-Dec,83443.0,0.0
K5,2016,1,Jan-Mar,0.0,0.0
K5,2016,2,Apr-Jun,0.0,0.0
K5,2016,3,Jul-Sep,0.0,0.0
K5,2016,4,Oct-Dec,0.0,0.0
K6,2016,1,Jan-Mar,0.0,0.0
K6,2016,2,Apr-Jun,0.0,0.0
K6,2016,3,Jul-Sep,0.0,0.0
K6,2016,4,Oct-Dec,0.0,0.0
E17,2016,1,Jan-Mar,224405.0,0.0
E17,2016,2,Apr-Jun,12894.0,0.0
E17,2016,3,Jul-Sep,2818.0,0.0
E17,2016,4,Oct-Dec,148907.0,0.0
E2,2016,1,Jan-Mar,0.0,0.0
E2,2016,2,Apr-Jun,0.0,0.0
E2,2016,3,Jul-Sep,0.0,0.0
E2,2016,4,Oct-Dec,0.0,0.0
E7,2016,1,Jan-Mar,0.0,0.0
E7,2016,2,Apr-Jun,0.0,0.0
E7,2016,3,Jul-Sep,0.0,0.0
E7,2016,4,Oct-Dec,0.0,0.0
E8,2016,1,Jan-Mar,0.0,0.0
E8,2016,2,Apr-Jun,0.0,0.0
E8,2016,3,Jul-Sep,0.0,0.0
E8,2016,4,Oct-Dec,0.0,0.0
N4,2016,1,Jan-Mar,0.0,0.0
N4,2016,2,Apr-Jun,0.0,0.0
N4,2016,3,Jul-Sep,0.0,0.0
N4,2016,4,Oct-Dec,0.0,0.0
N7,2016,1,Jan-Mar,68095.0,0.0
N7,2016,2,Apr-Jun,412383.0,0.0
N7,2016,3,Jul-Sep,13259.0,0.0
N7,2016,4,Oct-Dec,40364.0,0.0
N8,2016,1,Jan-Mar,84078.0,0.0
N8,2016,2,Apr-Jun,27031.0,0.0
N8,2016,3,Jul-Sep,1954.0,0.0
N8,2016,4,Oct-Dec,16675.0,0.0
R1,2016,1,Jan-Mar,0.0,0.0
R1,2016,2,Apr-Jun,0.0,0.0
R1,2016,3,Jul-Sep,0.0,0.0
R1,2016,4,Oct-Dec,0.0,0.0
R2,2016,1,Jan-Mar,0.0,0.0
R2,2016,2,Apr-Jun,0.0,0.0
R2,2016,3,Jul-Sep,0.0,0.0
R2,2016,4,Oct-Dec,0.0,0.0
R3,2016,1,Jan-Mar,0.0,0.0
R3,2016,2,Apr-Jun,0.0,0.0
R3,2016,3,Jul-Sep,0.0,0.0
R3,2016,4,Oct-Dec,0.0,0.0
R4,2016,1,Jan-Mar,0.0,0.0
R4,2016,2,Apr-Jun,0.0,0.0
R4,2016,3,Jul-Sep,0.0,0.0
R4,2016,4,Oct-Dec,0.0,0.0
R5,2016,1,Jan-Mar,2982.0,0.0
R5,2016,2,Apr-Jun,5927.0,0.0
R5,2016,3,Jul-Sep,897.0,0.0
R5,2016,4,Oct-Dec,143402.0,0.0
R6,2016,1,Jan-Mar,49090.0,0.0
R6,2016,2,Apr-Jun,9123.0,0.0
R6,2016,3,Jul-Sep,956.0,0.0
R6,2016,4,Oct-Dec,4684.0,0.0
K1,2017,1,Jan-Mar,0.0,0.0
K1,2017,2,Apr-Jun,0.0,0.0
K1,2017,3,Jul-Sep,0.0,0.0
K1,2017,4,Oct-Dec,0.0,0.0
K10,2017,1,Jan-Mar,0.0,0.0
K10,2017,2,Apr-Jun,0.0,0.0
K10,2017,3,Jul-Sep,0.0,0.0
K10,2017,4,Oct-Dec,0.0,0.0
K11,2017,1,Jan-Mar,0.0,0.0
K11,2017,2,Apr-Jun,0.0,0.0
K11,2017,3,Jul-Sep,0.0,0.0
K11,2017,4,Oct-Dec,0.0,0.0
K14,2017,1,Jan-Mar,0.0,0.0
K14,2017,2,Apr-Jun,0.0,0.0
K14,2017,3,Jul-Sep,0.0,0.0
K14,2017,4,Oct-Dec,0.0,0.0
K18,2017,1,Jan-Mar,10936.0,0.0
K18,2017,2,Apr-Jun,13514.0,0.0
K18,2017,3,Jul-Sep,2183.0,0.0
K18,2017,4,Oct-Dec,7548.0,0.0
K19,2017,1,Jan-Mar,8522.0,0.0
K19,2017,2,Apr-Jun,3057.0,0.0
K19,2017,3,Jul-Sep,2487.0,0.0
K19,2017,4,Oct-Dec,2233.0,0.0
K21,2017,1,Jan-Mar,30425.0,0.0
K21,2017,2,Apr-Jun,11611.0,0.0
K21,2017,3,Jul-Sep,2787.0,0.0
K21,2017,4,Oct-Dec,14332.0,0.0
K25,2017,1,Jan-Mar,15390.0,0.0
K25,2017,2,Apr-Jun,9490.0,0.0
K25,2017,3,Jul-Sep,1029.0,0.0
K25,2017,4,Oct-Dec,3033.0,0.0
K3,2017,1,Jan-Mar,0.0,0.0
K3,2017,2,Apr-Jun,0.0,0.0
K3,2017,3,Jul-Sep,0.0,0.0
K3,2017,4,Oct-Dec,0.0,0.0
K4,2017,1,Jan-Mar,3585.0,0.0
K4,2017,2,Apr-Jun,28290.0,0.0
K4,2017,3,Jul-Sep,38020.0,0.0
K4,2017,4,Oct-Dec,2958.0,0.0
K5,2017,1,Jan-Mar,0.0,0.0
K5,2017,2,Apr-Jun,0.0,0.0
K5,2017,3,Jul-Sep,0.0,0.0
K5,2017,4,Oct-Dec,0.0,0.0
K6,2017,1,Jan-Mar,0.0,0.0
K6,2017,2,Apr-Jun,0.0,0.0
K6,2017,3,Jul-Sep,0.0,0.0
K6,2017,4,Oct-Dec,0.0,0.0
E17,2017,1,Jan-Mar,11596.0,0.0
E17,2017,2,Apr-Jun,12251.0,0.0
E17,2017,3,Jul-Sep,93552.0,0.0
E17,2017,4,Oct-Dec,5598.0,0.0
E2,2017,1,Jan-Mar,0.0,0.0
E2,2017,2,Apr-Jun,0.0,0.0
E2,2017,3,Jul-Sep,0.0,0.0
E2,2017,4,Oct-Dec,0.0,0.0
E7,2017,1,Jan-Mar,0.0,0.0
E7,2017,2,Apr-Jun,0.0,0.0
E7,2017,3,Jul-Sep,0.0,0.0
E7,2017,4,Oct-Dec,0.0,0.0
E8,2017,1,Jan-Mar,0.0,0.0
E8,2017,2,Apr-Jun,0.0,0.0
E8,2017,3,Jul-Sep,0.0,0.0
E8,2017,4,Oct-Dec,0.0,0.0
N4,2017,1,Jan-Mar,0.0,0.0
N4,2017,2,Apr-Jun,0.0,0.0
N4,2017,3,Jul-Sep,0.0,0.0
N4,2017,4,Oct-Dec,0.0,0.0
N7,2017,1,Jan-Mar,20152.0,0.0
N7,2017,2,Apr-Jun,48501.0,0.0
N7,2017,3,Jul-Sep,18373.0,0.0
N7,2017,4,Oct-Dec,49712.0,0.0
N8,2017,1,Jan-Mar,19234.0,0.0
N8,2017,2,Apr-Jun,1942.0,0.0
N8,2017,3,Jul-Sep,5546.0,0.0
N8,2017,4,Oct-Dec,18589.0,0.0
R1,2017,1,Jan-Mar,0.0,0.0
R1,2017,2,Apr-Jun,0.0,0.0
R1,2017,3,Jul-Sep,0.0,0.0
R1,2017,4,Oct-Dec,0.0,0.0
R2,2017,1,Jan-Mar,0.0,0.0
R2,2017,2,Apr-Jun,0.0,0.0
R2,2017,3,Jul-Sep,0.0,0.0
R2,2017,4,Oct-Dec,0.0,0.0
R3,2017,1,Jan-Mar,0.0,0.0
R3,2017,2,Apr-Jun,0.0,0.0
R3,2017,3,Jul-Sep,0.0,0.0
R3,2017,4,Oct-Dec,0.0,0.0
R4,2017,1,Jan-Mar,0.0,0.0
R4,2017,2,Apr-Jun,0.0,0.0
R4,2017,3,Jul-Sep,0.0,0.0
R4,2017,4,Oct-Dec,0.0,0.0
R5,2017,1,Jan-Mar,25727.0,0.0
R5,2017,2,Apr-Jun,28485.0,0.0
R5,2017,3,Jul-Sep,8655.0,0.0
R5,2017,4,Oct-Dec,159361.0,0.0
R6,2017,1,Jan-Mar,4304.0,0.0
R6,2017,2,Apr-Jun,1690.0,0.0
R6,2017,3,Jul-Sep,3071.0,0.0
R6,2017,4,Oct-Dec,8988.0,0.0
K1,2018,1,Jan-Mar,0.0,0.0
K1,2018,2,Apr-Jun,0.0,0.0
K1,2018,3,Jul-Sep,0.0,0.0
K1,2018,4,Oct-Dec,0.0,0.0
K10,2018,1,Jan-Mar,0.0,0.0
K10,2018,2,Apr-Jun,0.0,0.0
K10,2018,3,Jul-Sep,0.0,0.0
K10,2018,4,Oct-Dec,0.0,0.0
K11,2018,1,Jan-Mar,0.0,0.0
K11,2018,2,Apr-Jun,0.0,0.0
K11,2018,3,Jul-Sep,0.0,0.0
K11,2018,4,Oct-Dec,0.0,0.0
K14,2018,1,Jan-Mar,0.0,0.0
K14,2018,2,Apr-Jun,0.0,0.0
K14,2018,3,Jul-Sep,0.0,0.0
K14,2018,4,Oct-Dec,0.0,0.0
K18,2018,1,Jan-Mar,5632.0,0.0
K18,2018,2,Apr-Jun,8169.0,0.0
K18,2018,3,Jul-Sep,4723.0,0.0
K18,2018,4,Oct-Dec,32485.0,0.0
K19,2018,1,Jan-Mar,7797.0,0.0
K19,2018,2,Apr-Jun,4721.0,0.0
K19,2018,3,Jul-Sep,7848.0,0.0
K19,2018,4,Oct-Dec,1304.0,0.0
K21,2018,1,Jan-Mar,8919.0,0.0
K21,2018,2,Apr-Jun,1719.0,0.0
K21,2018,3,Jul-Sep,2143.0,0.0
K21,2018,4,Oct-Dec,11255.0,0.0
K25,2018,1,Jan-Mar,11035.0,0.0
K25,2018,2,Apr-Jun,6109.0,0.0
K25,2018,3,Jul-Sep,3430.0,0.0
K25,2018,4,Oct-Dec,21003.0,0.0
K3,2018,1,Jan-Mar,0.0,0.0
K3,2018,2,Apr-Jun,0.0,0.0
K3,2018,3,Jul-Sep,0.0,0.0
K3,2018,4,Oct-Dec,0.0,0.0
K4,2018,1,Jan-Mar,71330.0,0.0
K4,2018,2,Apr-Jun,767.0,0.0
K4,2018,3,Jul-Sep,986.0,0.0
K4,2018,4,Oct-Dec,30935.0,0.0
K5,2018,1,Jan-Mar,0.0,0.0
K5,2018,2,Apr-Jun,0.0,0.0
K5,2018,3,Jul-Sep,0.0,0.0
K5,2018,4,Oct-Dec,0.0,0.0
K6,2018,1,Jan-Mar,0.0,0.0
K6,2018,2,Apr-Jun,0.0,0.0
K6,2018,3,Jul-Sep,0.0,0.0
K6,2018,4,Oct-Dec,0.0,0.0
E17,2018,1,Jan-Mar,12491.0,0.0
E17,2018,2,Apr-Jun,2730.0,0.0
E17,2018,3,Jul-Sep,1711.0,0.0
E17,2018,4,Oct-Dec,31138.0,0.0
E2,2018,1,Jan-Mar,0.0,0.0
E2,2018,2,Apr-Jun,0.0,0.0
E2,2018,3,Jul-Sep,0.0,0.0
E2,2018,4,Oct-Dec,0.0,0.0
E7,2018,1,Jan-Mar,0.0,0.0
E7,2018,2,Apr-Jun,0.0,0.0
E7,2018,3,Jul-Sep,0.0,0.0
E7,2018,4,Oct-Dec,0.0,0.0
E8,2018,1,Jan-Mar,0.0,0.0
E8,2018,2,Apr-Jun,0.0,0.0
E8,2018,3,Jul-Sep,0.0,0.0
E8,2018,4,Oct-Dec,0.0,0.0
N4,2018,1,Jan-Mar,0.0,0.0
N4,2018,2,Apr-Jun,0.0,0.0
N4,2018,3,Jul-Sep,0.0,0.0
N4,2018,4,Oct-Dec,0.0,0.0
N7,2018,1,Jan-Mar,22743.0,0.0
N7,2018,2,Apr-Jun,47116.0,0.0
N7,2018,3,Jul-Sep,10729.0,0.0
N7,2018,4,Oct-Dec,12422.0,0.0
N8,2018,1,Jan-Mar,3517.0,0.0
N8,2018,2,Apr-Jun,2325.0,0.0
N8,2018,3,Jul-Sep,10812.0,0.0
N8,2018,4,Oct-Dec,22096.0,0.0
R1,2018,1,Jan-Mar,0.0,0.0
R1,2018,2,Apr-Jun,0.0,0.0
R1,2018,3,Jul-Sep,0.0,0.0
R1,2018,4,Oct-Dec,0.0,0.0
R2,2018,1,Jan-Mar,0.0,0.0
R2,2018,2,Apr-Jun,0.0,0.0
R2,2018,3,Jul-Sep,0.0,0.0
R2,2018,4,Oct-Dec,0.0,0.0
R3,2018,1,Jan-Mar,0.0,0.0
R3,2018,2,Apr-Jun,0.0,0.0
R3,2018,3,Jul-Sep,0.0,0.0
R3,2018,4,Oct-Dec,0.0,0.0
R4,2018,1,Jan-Mar,0.0,0.0
R4,2018,2,Apr-Jun,0.0,0.0
R4,2018,3,Jul-Sep,0.0,0.0
R4,2018,4,Oct-Dec,0.0,0.0
R5,2018,1,Jan-Mar,30047.0,0.0
R5,2018,2,Apr-Jun,7738.0,0.0
R5,2018,3,Jul-Sep,11164.0,0.0
R5,2018,4,Oct-Dec,126277.0,0.0
R6,2018,1,Jan-Mar,4805.0,0.0
R6,2018,2,Apr-Jun,17367.0,0.0
R6,2018,3,Jul-Sep,1589.0,0.0
R6,2018,4,Oct-Dec,11306.0,0.0
K1,2019,1,Jan-Mar,0.0,0.0
K1,2019,2,Apr-Jun,0.0,0.0
K1,2019,3,Jul-Sep,0.0,0.0
K1,2019,4,Oct-Dec,0.0,0.0
K10,2019,1,Jan-Mar,0.0,0.0
K10,2019,2,Apr-Jun,0.0,0.0
K10,2019,3,Jul-Sep,0.0,0.0
K10,2019,4,Oct-Dec,0.0,0.0
K11,2019,1,Jan-Mar,0.0,0.0
K11,2019,2,Apr-Jun,0.0,0.0
K11,2019,3,Jul-Sep,0.0,0.0
K11,2019,4,Oct-Dec,0.0,0.0
K14,2019,1,Jan-Mar,0.0,0.0
K14,2019,2,Apr-Jun,0.0,0.0
K14,2019,3,Jul-Sep,0.0,0.0
K14,2019,4,Oct-Dec,0.0,0.0
K18,2019,1,Jan-Mar,12292.0,0.0
K18,2019,2,Apr-Jun,19335.0,0.0
K18,2019,3,Jul-Sep,2149.0,0.0
K18,2019,4,Oct-Dec,6885.0,0.0
K19,2019,1,Jan-Mar,3986.0,0.0
K19,2019,2,Apr-Jun,4259.0,0.0
K19,2019,3,Jul-Sep,3843.0,0.0
K19,2019,4,Oct-Dec,8669.0,0.0
K21,2019,1,Jan-Mar,12345.0,0.0
K21,2019,2,Apr-Jun,44623.0,0.0
K21,2019,3,Jul-Sep,3210.0,0.0
K21,2019,4,Oct-Dec,45187.0,0.0
K25,2019,1,Jan-Mar,39730.0,0.0
K25,2019,2,Apr-Jun,260821.0,0.0
K25,2019,3,Jul-Sep,6676.0,0.0
K25,2019,4,Oct-Dec,2359.0,0.0
K3,2019,1,Jan-Mar,0.0,0.0
K3,2019,2,Apr-Jun,0.0,0.0
K3,2019,3,Jul-Sep,0.0,0.0
K3,2019,4,Oct-Dec,0.0,0.0
K4,2019,1,Jan-Mar,6880.0,0.0
K4,2019,2,Apr-Jun,53790.0,0.0
K4,2019,3,Jul-Sep,5114.0,0.0
K4,2019,4,Oct-Dec,424550.0,0.0
K5,2019,1,Jan-Mar,0.0,0.0
K5,2019,2,Apr-Jun,0.0,0.0
K5,2019,3,Jul-Sep,0.0,0.0
K5,2019,4,Oct-Dec,0.0,0.0
K6,2019,1,Jan-Mar,0.0,0.0
K6,2019,2,Apr-Jun,0.0,0.0
K6,2019,3,Jul-Sep,0.0,0.0
K6,2019,4,Oct-Dec,0.0,0.0
E17,2019,1,Jan-Mar,42616.0,0.0
E17,2019,2,Apr-Jun,899.0,0.0
E17,2019,3,Jul-Sep,1202.0,0.0
E17,2019,4,Oct-Dec,172266.0,0.0
E2,2019,1,Jan-Mar,0.0,0.0
E2,2019,2,Apr-Jun,0.0,0.0
E2,2019,3,Jul-Sep,0.0,0.0
E2,2019,4,Oct-Dec,0.0,0.0
E7,2019,1,Jan-Mar,0.0,0.0
E7,2019,2,Apr-Jun,0.0,0.0
E7,2019,3,Jul-Sep,0.0,0.0
E7,2019,4,Oct-Dec,0.0,0.0
E8,2019,1,Jan-Mar,0.0,0.0
E8,2019,2,Apr-Jun,0.0,0.0
E8,2019,3,Jul-Sep,0.0,0.0
E8,2019,4,Oct-Dec,0.0,0.0
N4,2019,1,Jan-Mar,0.0,0.0
N4,2019,2,Apr-Jun,0.0,0.0
N4,2019,3,Jul-Sep,0.0,0.0
N4,2019,4,Oct-Dec,0.0,0.0
N7,2019,1,Jan-Mar,47578.0,0.0
N7,2019,2,Apr-Jun,21078.0,0.0
N7,2019,3,Jul-Sep,91128.0,0.0
N7,2019,4,Oct-Dec,446963.0,0.0
N8,2019,1,Jan-Mar,25577.0,0.0
N8,2019,2,Apr-Jun,2668.0,0.0
N8,2019,3,Jul-Sep,42199.0,0.0
N8,2019,4,Oct-Dec,41199.0,0.0
R1,2019,1,Jan-Mar,0.0,0.0
R1,2019,2,Apr-Jun,0.0,0.0
R1,2019,3,Jul-Sep,0.0,0.0
R1,2019,4,Oct-Dec,0.0,0.0
R2,2019,1,Jan-Mar,0.0,0.0
R2,2019,2,Apr-Jun,0.0,0.0
R2,2019,3,Jul-Sep,0.0,0.0
R2,2019,4,Oct-Dec,0.0,0.0
R3,2019,1,Jan-Mar,0.0,0.0
R3,2019,2,Apr-Jun,0.0,0.0
R3,2019,3,Jul-Sep,0.0,0.0
R3,2019,4,Oct-Dec,0.0,0.0
R4,2019,1,Jan-Mar,0.0,0.0
R4,2019,2,Apr-Jun,0.0,0.0
R4,2019,3,Jul-Sep,0.0,0.0
R4,2019,4,Oct-Dec,0.0,0.0
R5,2019,1,Jan-Mar,84398.0,0.0
R5,2019,2,Apr-Jun,24830.0,0.0
R5,2019,3,Jul-Sep,125525.0,0.0
R5,2019,4,Oct-Dec,29668.0,0.0
R6,2019,1,Jan-Mar,18883.0,0.0
R6,2019,2,Apr-Jun,2790.0,0.0
R6,2019,3,Jul-Sep,3837.0,0.0
R6,2019,4,Oct-Dec,16687.0,0.0
K1,2020,1,Jan-Mar,0.0,0.0
K1,2020,2,Apr-Jun,0.0,0.0
K1,2020,3,Jul-Sep,0.0,0.0
K1,2020,4,Oct-Dec,0.0,0.0
K10,2020,1,Jan-Mar,0.0,0.0
K10,2020,2,Apr-Jun,0.0,0.0
K10,2020,3,Jul-Sep,0.0,0.0
K10,2020,4,Oct-Dec,0.0,0.0
K11,2020,1,Jan-Mar,0.0,0.0
K11,2020,2,Apr-Jun,0.0,0.0
K11,2020,3,Jul-Sep,0.0,0.0
K11,2020,4,Oct-Dec,0.0,0.0
K14,2020,1,Jan-Mar,0.0,0.0
K14,2020,2,Apr-Jun,0.0,0.0
K14,2020,3,Jul-Sep,0.0,0.0
K14,2020,4,Oct-Dec,0.0,0.0
K18,2020,1,Jan-Mar,6620.0,0.0
K18,2020,2,Apr-Jun,0.0,0.0
K18,2020,3,Jul-Sep,3414.0,0.0
K18,2020,4,Oct-Dec,71928.0,0.0
K19,2020,1,Jan-Mar,13860.0,0.0
K19,2020,2,Apr-Jun,9759.0,0.0
K19,2020,3,Jul-Sep,2108.0,0.0
K19,2020,4,Oct-Dec,8246.0,0.0
K21,2020,1,Jan-Mar,17512.0,0.0
K21,2020,2,Apr-Jun,0.0,0.0
K21,2020,3,Jul-Sep,17772.0,0.0
K21,2020,4,Oct-Dec,84701.0,0.0
K25,2020,1,Jan-Mar,41433.0,0.0
K25,2020,2,Apr-Jun,0.0,0.0
K25,2020,3,Jul-Sep,2424.0,0.0
K25,2020,4,Oct-Dec,64020.0,0.0
K3,2020,1,Jan-Mar,0.0,0.0
K3,2020,2,Apr-Jun,0.0,0.0
K3,2020,3,Jul-Sep,0.0,0.0
K3,2020,4,Oct-Dec,0.0,0.0
K4,2020,1,Jan-Mar,427500.0,0.0
K4,2020,2,Apr-Jun,0.0,0.0
K4,2020,3,Jul-Sep,44207.0,0.0
K4,2020,4,Oct-Dec,176970.0,0.0
K5,2020,1,Jan-Mar,0.0,0.0
K5,2020,2,Apr-Jun,0.0,0.0
K5,2020,3,Jul-Sep,0.0,0.0
K5,2020,4,Oct-Dec,0.0,0.0
K6,2020,1,Jan-Mar,0.0,0.0
K6,2020,2,Apr-Jun,0.0,0.0
K6,2020,3,Jul-Sep,0.0,0.0
K6,2020,4,Oct-Dec,0.0,0.0
E17,2020,1,Jan-Mar,10701.0,0.0
E17,2020,2,Apr-Jun,0.0,0.0
E17,2020,3,Jul-Sep,340930.0,0.0
E17,2020,4,Oct-Dec,176440.0,0.0
E2,2020,1,Jan-Mar,0.0,0.0
E2,2020,2,Apr-Jun,0.0,0.0
E2,2020,3,Jul-Sep,0.0,0.0
E2,2020,4,Oct-Dec,0.0,0.0
E7,2020,1,Jan-Mar,0.0,0.0
E7,2020,2,Apr-Jun,0.0,0.0
E7,2020,3,Jul-Sep,0.0,0.0
E7,2020,4,Oct-Dec,0.0,0.0
E8,2020,1,Jan-Mar,0.0,0.0
E8,2020,2,Apr-Jun,0.0,0.0
E8,2020,3,Jul-Sep,0.0,0.0
E8,2020,4,Oct-Dec,0.0,0.0
N4,2020,1,Jan-Mar,0.0,0.0
N4,2020,2,Apr-Jun,0.0,0.0
N4,2020,3,Jul-Sep,0.0,0.0
N4,2020,4,Oct-Dec,0.0,0.0
N7,2020,1,Jan-Mar,125004.0,0.0
N7,2020,2,Apr-Jun,0.0,0.0
N7,2020,3,Jul-Sep,32997.0,0.0
N7,2020,4,Oct-Dec,45785.0,0.0
N8,2020,1,Jan-Mar,18493.0,0.0
N8,2020,2,Apr-Jun,0.0,0.0
N8,2020,3,Jul-Sep,32685.0,0.0
N8,2020,4,Oct-Dec,38027.0,0.0
R1,2020,1,Jan-Mar,0.0,0.0
R1,2020,2,Apr-Jun,0.0,0.0
R1,2020,3,Jul-Sep,0.0,0.0
R1,2020,4,Oct-Dec,0.0,0.0
R2,2020,1,Jan-Mar,0.0,0.0
R2,2020,2,Apr-Jun,0.0,0.0
R2,2020,3,Jul-Sep,0.0,0.0
R2,2020,4,Oct-Dec,0.0,0.0
R3,2020,1,Jan-Mar,0.0,0.0
R3,2020,2,Apr-Jun,0.0,0.0
R3,2020,3,Jul-Sep,0.0,0.0
R3,2020,4,Oct-Dec,0.0,0.0
R4,2020,1,Jan-Mar,0.0,0.0
R4,2020,2,Apr-Jun,0.0,0.0
R4,2020,3,Jul-Sep,0.0,0.0
R4,2020,4,Oct-Dec,0.0,0.0
R5,2020,1,Jan-Mar,48187.0,0.0
R5,2020,2,Apr-Jun,0.0,0.0
R5,2020,3,Jul-Sep,25556.0,0.0
R5,2020,4,Oct-Dec,83182.0,0.0
R6,2020,1,Jan-Mar,10447.0,0.0
R6,2020,2,Apr-Jun,0.0,0.0
R6,2020,3,Jul-Sep,1224.0,0.0
R6,2020,4,Oct-Dec,3486.0,0.0
K1,2021,1,Jan-Mar,0.0,0.0
K1,2021,2,Apr-Jun,0.0,0.0
K1,2021,3,Jul-Sep,0.0,0.0
K1,2021,4,Oct-Dec,0.0,0.0
K10,2021,1,Jan-Mar,0.0,0.0
K10,2021,2,Apr-Jun,0.0,0.0
K10,2021,3,Jul-Sep,0.0,0.0
K10,2021,4,Oct-Dec,0.0,0.0
K11,2021,1,Jan-Mar,0.0,0.0
K11,2021,2,Apr-Jun,0.0,0.0
K11,2021,3,Jul-Sep,0.0,0.0
K11,2021,4,Oct-Dec,0.0,0.0
K14,2021,1,Jan-Mar,0.0,0.0
K14,2021,2,Apr-Jun,0.0,0.0
K14,2021,3,Jul-Sep,0.0,0.0
K14,2021,4,Oct-Dec,0.0,0.0
K18,2021,1,Jan-Mar,25799.0,0.0
K18,2021,2,Apr-Jun,7465.0,0.0
K18,2021,3,Jul-Sep,12078.0,0.0
K18,2021,4,Oct-Dec,70423.0,0.0
K19,2021,1,Jan-Mar,15475.0,0.0
K19,2021,2,Apr-Jun,10005.0,0.0
K19,2021,3,Jul-Sep,12622.0,0.0
K19,2021,4,Oct-Dec,27091.0,0.0
K21,2021,1,Jan-Mar,80960.0,0.0
K21,2021,2,Apr-Jun,49644.0,0.0
K21,2021,3,Jul-Sep,42320.0,0.0
K21,2021,4,Oct-Dec,197460.0,0.0
K25,2021,1,Jan-Mar,33685.0,0.0
K25,2021,2,Apr-Jun,8431.0,0.0
K25,2021,3,Jul-Sep,11993.0,0.0
K25,2021,4,Oct-Dec,23380.0,0.0
K3,2021,1,Jan-Mar,0.0,0.0
K3,2021,2,Apr-Jun,0.0,0.0
K3,2021,3,Jul-Sep,0.0,0.0
K3,2021,4,Oct-Dec,0.0,0.0
K4,2021,1,Jan-Mar,54173.0,0.0
K4,2021,2,Apr-Jun,142640.0,0.0
K4,2021,3,Jul-Sep,547500.0,0.0
K4,2021,4,Oct-Dec,136883.0,0.0
K5,2021,1,Jan-Mar,0.0,0.0
K5,2021,2,Apr-Jun,0.0,0.0
K5,2021,3,Jul-Sep,0.0,0.0
K5,2021,4,Oct-Dec,0.0,0.0
K6,2021,1,Jan-Mar,0.0,0.0
K6,2021,2,Apr-Jun,0.0,0.0
K6,2021,3,Jul-Sep,0.0,0.0
K6,2021,4,Oct-Dec,0.0,0.0
E17,2021,1,Jan-Mar,185753.0,0.0
E17,2021,2,Apr-Jun,752467.0,0.0
E17,2021,3,Jul-Sep,54020.0,0.0
E17,2021,4,Oct-Dec,35710.0,0.0
E2,2021,1,Jan-Mar,0.0,0.0
E2,2021,2,Apr-Jun,0.0,0.0
E2,2021,3,Jul-Sep,0.0,0.0
E2,2021,4,Oct-Dec,0.0,0.0
E7,2021,1,Jan-Mar,0.0,0.0
E7,2021,2,Apr-Jun,0.0,0.0
E7,2021,3,Jul-Sep,0.0,0.0
E7,2021,4,Oct-Dec,0.0,0.0
E8,2021,1,Jan-Mar,0.0,0.0
E8,2021,2,Apr-Jun,0.0,0.0
E8,2021,3,Jul-Sep,0.0,0.0
E8,2021,4,Oct-Dec,0.0,0.0
N7,2021,1,Jan-Mar,60968.0,0.0
N7,2021,2,Apr-Jun,12500.0,0.0
N7,2021,3,Jul-Sep,7653.0,0.0
N7,2021,4,Oct-Dec,28942.0,0.0
N8,2021,1,Jan-Mar,67800.0,0.0
N8,2021,2,Apr-Jun,128171.0,0.0
N8,2021,3,Jul-Sep,37805.0,0.0
N8,2021,4,Oct-Dec,37706.0,0.0
R1,2021,1,Jan-Mar,0.0,0.0
R1,2021,2,Apr-Jun,0.0,0.0
R1,2021,3,Jul-Sep,0.0,0.0
R1,2021,4,Oct-Dec,0.0,0.0
R2,2021,1,Jan-Mar,0.0,0.0
R2,2021,2,Apr-Jun,0.0,0.0
R2,2021,3,Jul-Sep,0.0,0.0
R2,2021,4,Oct-Dec,0.0,0.0
R3,2021,1,Jan-Mar,0.0,0.0
R3,2021,2,Apr-Jun,0.0,0.0
R3,2021,3,Jul-Sep,0.0,0.0
R3,2021,4,Oct-Dec,0.0,0.0
R4,2021,1,Jan-Mar,0.0,0.0
R4,2021,2,Apr-Jun,0.0,0.0
R4,2021,3,Jul-Sep,0.0,0.0
R4,2021,4,Oct-Dec,0.0,0.0
R5,2021,1,Jan-Mar,58054.0,0.0
R5,2021,2,Apr-Jun,69312.0,0.0
R5,2021,3,Jul-Sep,28208.0,0.0
R5,2021,4,Oct-Dec,110672.0,0.0
R6,2021,1,Jan-Mar,19080.0,0.0
R6,2021,2,Apr-Jun,9988.0,0.0
R6,2021,3,Jul-Sep,1538.0,0.0
R6,2021,4,Oct-Dec,38081.0,0.0
K1,2022,1,Jan-Mar,0.0,0.0
K1,2022,2,Apr-Jun,0.0,0.0
K10,2022,1,Jan-Mar,0.0,0.0
K10,2022,2,Apr-Jun,0.0,0.0
K11,2022,1,Jan-Mar,0.0,0.0
K11,2022,2,Apr-Jun,0.0,0.0
K14,2022,1,Jan-Mar,0.0,0.0
K14,2022,2,Apr-Jun,0.0,0.0
K18,2022,1,Jan-Mar,27947.0,0.0
K18,2022,2,Apr-Jun,0.0,0.0
K19,2022,1,Jan-Mar,14023.0,0.0
K19,2022,2,Apr-Jun,0.0,0.0
K21,2022,1,Jan-Mar,60045.0,0.0
K21,2022,2,Apr-Jun,0.0,0.0
K25,2022,1,Jan-Mar,70940.0,0.0
K25,2022,2,Apr-Jun,0.0,0.0
K3,2022,1,Jan-Mar,0.0,0.0
K3,2022,2,Apr-Jun,0.0,0.0
K4,2022,1,Jan-Mar,146863.0,0.0
K4,2022,2,Apr-Jun,0.0,0.0
K5,2022,1,Jan-Mar,0.0,0.0
K5,2022,2,Apr-Jun,0.0,0.0
K6,2022,1,Jan-Mar,0.0,0.0
K6,2022,2,Apr-Jun,0.0,0.0
E17,2022,1,Jan-Mar,358271.0,0.0
E17,2022,2,Apr-Jun,0.0,0.0
E2,2022,1,Jan-Mar,0.0,0.0
E2,2022,2,Apr-Jun,0.0,0.0
E7,2022,1,Jan-Mar,0.0,0.0
E7,2022,2,Apr-Jun,0.0,0.0
E8,2022,1,Jan-Mar,0.0,0.0
E8,2022,2,Apr-Jun,0.0,0.0
N7,2022,1,Jan-Mar,724332.0,0.0
N7,2022,2,Apr-Jun,0.0,0.0
N8,2022,1,Jan-Mar,85628.0,0.0
N8,2022,2,Apr-Jun,0.0,0.0
R1,2022,1,Jan-Mar,0.0,0.0
R1,2022,2,Apr-Jun,0.0,0.0
R2,2022,1,Jan-Mar,0.0,0.0
R2,2022,2,Apr-Jun,0.0,0.0
R3,2022,1,Jan-Mar,0.0,0.0
R3,2022,2,Apr-Jun,0.0,0.0
R4,2022,1,Jan-Mar,0.0,0.0
R4,2022,2,Apr-Jun,0.0,0.0
R5,2022,1,Jan-Mar,45237.0,0.0
R5,2022,2,Apr-Jun,0.0,0.0
R6,2022,1,Jan-Mar,58261.0,0.0
R6,2022,2,Apr-Jun,0.0,0.0
